﻿{"cameraMode":{"drawMode":0,"name":"Shaded","section":"Shading Mode"},"sceneLighting":false,"audioPlay":false,"sceneViewState":{"showFog":true,"showMaterialUpdate":false,"showSkybox":true,"showFlares":true,"showImageEffects":true,"showParticleSystems":true},"in2DMode":false,"pivot":{"x":-13.264213562011719,"y":0.152801513671875,"z":13.061192512512207},"rotation":{"x":0.17246954143047334,"y":-0.026592940092086793,"z":0.00465092109516263,"w":0.9846448302268982},"size":106.58169555664063,"orthographic":false}